category,product,revenue
Electronics,Smartphone X,55000
Electronics,Laptop Pro,72000
Electronics,Bluetooth Speaker,18000
Electronics,Smartwatch Elite,25000
Electronics,Wireless Earbuds,16000
Furniture,Office Chair,15000
Furniture,Study Table,22000
Furniture,Bookshelf,13000
Furniture,Recliner Sofa,40000
Furniture,Dining Set,35000
Grocery,Rice Pack 10kg,800
Grocery,Olive Oil 1L,1200
Grocery,Breakfast Cereal,950
Grocery,Organic Honey,1100
Grocery,Almonds 500g,1500
Clothing,Formal Shirt,1800
Clothing,Jeans Classic,2500
Clothing,Jacket Winter,4200
Clothing,T-Shirt Graphic,1300
Clothing,Sneakers Casual,3800
