Month,Region,Salesperson,Product,Units_Sold,Revenue
January,North,Ravi Sharma,Laptop,12,720000
January,South,Meena Rao,Smartphone,25,500000
February,East,Kiran Das,Tablet,18,270000
February,West,Sneha Patel,Headphones,35,140000
March,North,Ravi Sharma,Smartwatch,20,180000
March,South,Meena Rao,Laptop,10,600000
April,East,Kiran Das,Smartphone,30,600000
April,West,Sneha Patel,Laptop,15,900000
May,North,Ravi Sharma,Headphones,40,160000
May,South,Meena Rao,Tablet,22,330000
June,East,Kiran Das,Smartwatch,25,225000
June,West,Sneha Patel,Laptop,18,1080000
