[
    {"order_id":"O001","total":"450.50","date":"2024-05-10"},
    {"order_id":"O002","total":"1200.00","date":"2024-05-10"},
    {"order_id":"O003","total":"3250.75","date":"2024-05-10"},
    {"order_id":"O004","total":"199.99","date":"2024-05-11"},
    {"order_id":"O005","total":"1550.00","date":"2024-05-11"},
    {"order_id":"O006","total":"845.00","date":"2024-05-11"},
    {"order_id":"O007","total":"1025.00","date":"2024-05-12"},
    {"order_id":"O008","total":"2200.00","date":"2024-05-12"},
    {"order_id":"O009","total":"75.00","date":"2024-05-12"},
    {"order_id":"O010","total":"1300.00","date":"2024-05-13"},
    {"order_id":"O011","total":"980.00","date":"2024-05-13"},
    {"order_id":"O012","total":"4100.25","date":"2024-05-13"},
    {"order_id":"O013","total":"640.00","date":"2024-05-14"},
    {"order_id":"O014","total":"120.00","date":"2024-05-14"},
    {"order_id":"O015","total":"2700.60","date":"2024-05-14"},
    {"order_id":"O016","total":"890.00","date":"2024-05-15"},
    {"order_id":"O017","total":"150.00","date":"2024-05-15"},
    {"order_id":"O018","total":"1805.40","date":"2024-05-15"},
    {"order_id":"O019","total":"999.99","date":"2024-05-15"},
    {"order_id":"O020","total":"2100.00","date":"2024-05-15"}
  ]
  