product_id,product_name,category,north,south,east,west
P001,Laptop,Electronics,60000,55000,58000,61000
P002,Smartphone,Electronics,25000,27000,26000,24000
P003,Tablet,Electronics,18000,19000,20000,17500
P004,Office Chair,Furniture,12000,11000,11500,13000
P005,Desk,Furniture,20000,18500,19000,21000
P006,Headphones,Accessories,8000,7500,7700,8200
P007,Keyboard,Accessories,4000,4200,4100,3900
P008,Mouse,Accessories,3500,3700,3600,3400
P009,Smartwatch,Electronics,15000,14000,15500,14500
P010,Printer,Electronics,22000,21000,21500,23000
P011,Bookshelf,Furniture,13000,12500,13500,12800
P012,Table Lamp,Furniture,7000,6800,7200,7100
P013,Power Bank,Accessories,5000,4800,4900,5100
P014,Bluetooth Speaker,Accessories,9000,8500,8700,9200
P015,Monitor,Electronics,27000,26000,27500,26500
