customer_id,name,region,age,active
C001,Amara Joseph,North,29,True
C002,Ravi Kumar,South,35,True
C003,Diya Patel,West,42,False
C004,Arjun Mehta,East,31,True
C005,Beena Sharma,North,27,True
C006,Vikram Das,South,40,False
C007,Nisha Reddy,West,33,True
C008,Chirag Jain,East,45,False
C009,Leena Thomas,North,38,True
C010,Ankit Bansal,South,30,True
C011,Mira Nair,West,26,True
C012,Karan Malhotra,East,48,False
C013,Sana Iyer,North,32,True
C014,Rohit Sinha,South,36,True
C015,Preeti Kaur,West,29,False
C016,Sameer Roy,East,34,True
C017,Aisha Khan,North,41,True
C018,Manoj Pillai,South,39,False
C019,Divya Das,West,37,True
C020,Harish Menon,East,28,True
