employee_id,full_name,department,designation,salary,experience_years,city
E001,Ava Sharma,Finance,Analyst,45250,2,Delhi
E002,Ravi Mehta,IT,Software Engineer,51750,3,Bangalore
E003,Mira Kapoor,HR,Recruiter,,1,Mumbai
E004,Chen Liu,Finance,Senior Analyst,60890,5,Chennai
E005,Diya Patel,Marketing,Executive,38200,2,Ahmedabad
E006,Eren Das,IT,Developer,,4,Pune
E007,Isha Nair,Operations,Coordinator,40340,2,Hyderabad
E008,Arjun Menon,Finance,Accountant,48680,3,Kochi
E009,Leena Rao,HR,Manager,67550,6,Mumbai
E010,Tom Jacob,IT,Support Engineer,41980,2,Bangalore
E011,Nina D’Souza,Marketing,Senior Executive,53110,4,Delhi
E012,Om Prakash,Operations,Supervisor,,5,Jaipur
E013,Zara Khan,Finance,Analyst,46390,2,Delhi
E014,Rohan Verma,IT,Senior Developer,72130,7,Pune
E015,Anita George,HR,Assistant,33980,1,Chennai
E016,Vikram Singh,Finance,Manager,84860,9,Bangalore
E017,Pooja Iyer,Marketing,Executive,,2,Hyderabad
E018,Karan Thakur,Operations,Executive,39240,2,Kolkata
E019,Meera Das,Finance,Analyst,45690,2,Mumbai
E020,Ritesh Jain,IT,Software Engineer,50210,3,Ahmedabad
