product_id,product_name,category,brand,price,stock_quantity
P001,Laptop 14-inch,Electronics,HP,62000,15
P002,Laptop 15-inch,Electronics,Dell,68000,10
P003,Wireless Mouse,Accessories,Logitech,950,100
P004,Mechanical Keyboard,Accessories,Corsair,4800,40
P005,Smartphone 5G,Electronics,Samsung,52000,25
P006,Tablet 10-inch,Electronics,Lenovo,27000,18
P007,Noise Cancelling Headphones,Accessories,Sony,8500,30
P008,Smartwatch Series 7,Electronics,Apple,45000,12
P009,External Hard Drive 1TB,Storage,Seagate,5200,50
P010,Portable SSD 500GB,Storage,SanDisk,6200,45
P011,USB-C Hub 6-in-1,Accessories,Anker,3200,60
P012,Bluetooth Speaker,Accessories,Boat,2800,55
P013,Webcam HD,Accessories,Logitech,3400,35
P014,Wireless Charger,Accessories,Xiaomi,2100,70
P015,Smart TV 43-inch,Electronics,LG,39000,8
P016,Smart TV 55-inch,Electronics,Samsung,52000,6
P017,Printer Inkjet,Peripherals,Canon,12500,20
P018,Projector Portable,Electronics,Epson,31000,9
P019,Router Dual Band,Networking,TP-Link,3400,25
P020,Keyboard Combo,Accessories,HP,1800,50
