city,population,state,region
 Delhi ,19800000,Delhi,North
Delhi,19820000,Delhi,North
Mumbai ,20400000,Maharashtra,West
mumbai,20350000,Maharashtra,West
Kolkata ,14800000,West Bengal,East
kolkata,14750000,West Bengal,East
Chennai ,10700000,Tamil Nadu,South
chennai,10650000,Tamil Nadu,South
Bangalore ,12500000,Karnataka,South
Hyderabad ,9700000,Telangana,South
Ahmedabad ,8400000,Gujarat,West
Pune ,7200000,Maharashtra,West
Surat ,6500000,Gujarat,West
Jaipur ,4300000,Rajasthan,North
Lucknow ,3500000,Uttar Pradesh,North
Nagpur ,3400000,Maharashtra,West
Indore ,3100000,Madhya Pradesh,Central
Bhopal ,2800000,Madhya Pradesh,Central
Chandigarh ,1150000,Chandigarh,North
Coimbatore ,2200000,Tamil Nadu,South
